21,Charlotte,Charlotte@email.com
22,Chloe,Chloe@email.com
23,Camila,Camila@email.com
24,Caroline,Caroline@email.com
25,Cora,Cora@email.com
26,Clara,Clara@email.com
27,Cecilia,Cecilia@email.com
28,Catherine,Catherine@email.com
29,Callie,Callie@email.com
30,Cali,Cali@email.com
