11,Bella,Bella@email.com
12,Brianna,Brianna@email.com
13,Brielle,Brielle@email.com
14,Brooklynn,Brooklynn@email.com
15,Bianca,Bianca@email.com
16,Briana,Briana@email.com
17,Braelyn,Braelyn@email.com
18,Bethany,Bethany@email.com
19,Brittany,Brittany@email.com
20,Briar,Briar@email.com
